{
  "totalGames": 85,
  "playerStats": {
    "sem82YPmpXb4uH_0AAAB": {
      "wins": 0,
      "losses": 0
    },
    "bw5WuW6syTircoHsAAAF": {
      "wins": 3,
      "losses": 1
    },
    "2Zm_0ryiTpB6qNv8AAAH": {
      "wins": 0,
      "losses": 1
    },
    "270diqcC88UzpLZ4AAAP": {
      "wins": 1,
      "losses": 0
    },
    "mAgitsOsSeWn5q1EAAAR": {
      "wins": 2,
      "losses": 0
    },
    "N6bxPtaySDDwXyKaAAAp": {
      "wins": 1,
      "losses": 1
    },
    "NlURIi_Ab3Pw-cPrAAAn": {
      "wins": 0,
      "losses": 1
    },
    "r707wm01--A3llchAAAv": {
      "wins": 0,
      "losses": 0
    },
    "apIxzQCmnCvJ-gpoAAAx": {
      "wins": 1,
      "losses": 0
    },
    "o6st-INRpXAErSXMAAAz": {
      "wins": 1,
      "losses": 0
    },
    "oWaAeRMXZKp4bSgwAAAB": {
      "wins": 0,
      "losses": 1
    },
    "2cztycXfP-r1qCKtAAAR": {
      "wins": 0,
      "losses": 0
    },
    "29yBD6yW3rciasPXAAAV": {
      "wins": 0,
      "losses": 0
    },
    "-_unJCnbwZ8MuSBsAAAr": {
      "wins": 1,
      "losses": 0
    },
    "GAej0m59MRH0dspaAAAt": {
      "wins": 0,
      "losses": 0
    },
    "7VjLLF4pNgz0zzoJAAAH": {
      "wins": 1,
      "losses": 0
    },
    "bLh-pgnD47Aaq2gzAAAB": {
      "wins": 1,
      "losses": 0
    },
    "NJTSNl576SC9SgyaAAAF": {
      "wins": 0,
      "losses": 0
    },
    "2GmEMoNjyY5iQfzgAAAJ": {
      "wins": 3,
      "losses": 0
    },
    "E02uyQNzAPsCgby8AAAH": {
      "wins": 1,
      "losses": 0
    },
    "-aFB56GWkceRrRpuAAAL": {
      "wins": 2,
      "losses": 0
    },
    "FRN3k-SvycYkhbyuAAAN": {
      "wins": 1,
      "losses": 0
    },
    "Ke6GFvL0vk50BJ7sAAAP": {
      "wins": 1,
      "losses": 0
    },
    "hr7kF_DHqyJQP19eAAAR": {
      "wins": 2,
      "losses": 0
    },
    "xHgnvVz1FhlGR3TuAAAT": {
      "wins": 2,
      "losses": 0
    },
    "niEhAeyl01pcgrQRAAAb": {
      "wins": 1,
      "losses": 0
    },
    "iRnv4xvtF_1IhaySAAAZ": {
      "wins": 2,
      "losses": 0
    },
    "wgzfeW-ACfUNJiO7AAAf": {
      "wins": 2,
      "losses": 0
    },
    "OvJKLWDacCJTmi1jAAAh": {
      "wins": 0,
      "losses": 0
    },
    "0xaY6ufcFhQj9FBtAAAl": {
      "wins": 0,
      "losses": 0
    },
    "y30_foDYbV9WPo3_AAAp": {
      "wins": 1,
      "losses": 0
    },
    "JXUnxe_pw0LcBx6qAAAr": {
      "wins": 0,
      "losses": 0
    },
    "9Y5mNYq3YsG7DUuOAAAt": {
      "wins": 0,
      "losses": 0
    },
    "CTaI4tqv1VSGqEgYAAAv": {
      "wins": 0,
      "losses": 0
    },
    "oOFfyXlRLYmFzuAjAAA3": {
      "wins": 1,
      "losses": 0
    },
    "wE-vxcHoCa3F2kXqAAA7": {
      "wins": 2,
      "losses": 0
    },
    "QLrqehdnhny-Q8EPAAA5": {
      "wins": 2,
      "losses": 0
    },
    "MeaKFBSiJSFCsbv9AAA9": {
      "wins": 1,
      "losses": 0
    },
    "RAWSuUiXGy55RzW_AAAH": {
      "wins": 2,
      "losses": 0
    },
    "8WvpE8gwJNa1oJVPAAAF": {
      "wins": 3,
      "losses": 0
    },
    "QJNl1gmshpUpg0PnAAAL": {
      "wins": 1,
      "losses": 0
    },
    "EDxPON9Uq5wEP0bmAAAH": {
      "wins": 1,
      "losses": 0
    },
    "PaeBQXZ9Aodb7IQ1AAAJ": {
      "wins": 1,
      "losses": 0
    },
    "YPatMel4PLrte27RAAAL": {
      "wins": 1,
      "losses": 0
    },
    "wf9c9Gd6h5hcpuYxAAAN": {
      "wins": 2,
      "losses": 0
    },
    "cEOrjMaoPtKeF4kEAAAP": {
      "wins": 1,
      "losses": 0
    },
    "vSkmyHhuMu5UNHxBAAAR": {
      "wins": 2,
      "losses": 0
    },
    "DJ1H1rwDM8leCvLPAAAT": {
      "wins": 2,
      "losses": 0
    },
    "WX7UjHa_IzIW7PGpAAAX": {
      "wins": 0,
      "losses": 0
    },
    "5YQvnkNHAR88qWjxAAAV": {
      "wins": 0,
      "losses": 0
    },
    "XTVo38qayWVFt9i_AAAd": {
      "wins": 2,
      "losses": 0
    },
    "sUx6RM8R9iVIJyCdAAAf": {
      "wins": 1,
      "losses": 0
    },
    "CkGduN3952jnqIV8AAAh": {
      "wins": 1,
      "losses": 0
    },
    "vc6St8dq2JSybxnRAAAt": {
      "wins": 1,
      "losses": 0
    },
    "S3qeczULLcMcH-CnAAAF": {
      "wins": 1,
      "losses": 0
    },
    "TIl2PZNZV6nVBux2AAAH": {
      "wins": 0,
      "losses": 0
    },
    "obB5AA0ttJ4ne8n8AAAN": {
      "wins": 1,
      "losses": 0
    },
    "pNrPKp1-rIPiDQ4xAAAJ": {
      "wins": 1,
      "losses": 0
    },
    "9IsG0lKgAKTvOvuPAAAP": {
      "wins": 1,
      "losses": 0
    },
    "TDX_PCBWobTRTnaVAAAT": {
      "wins": 1,
      "losses": 0
    },
    "UXS2oke-wsSTA5V5AAAH": {
      "wins": 0,
      "losses": 0
    },
    "c01dYPp4cZKGAqsAAAAF": {
      "wins": 0,
      "losses": 0
    },
    "mZ4EAVZTl-SqIb9PAAAL": {
      "wins": 0,
      "losses": 0
    },
    "tfUfMMaSiH8eOd6IAAAJ": {
      "wins": 0,
      "losses": 0
    },
    "8JM9ob4vjNXHkdr8AAAP": {
      "wins": 1,
      "losses": 0
    },
    "j-nKmL8gbLNTQ7tAAAAT": {
      "wins": 0,
      "losses": 0
    },
    "3siaDw79-_9uPt8XAAAR": {
      "wins": 0,
      "losses": 0
    },
    "8tp4mQxELC13deGdAAAX": {
      "wins": 1,
      "losses": 0
    },
    "IIDNsX-0FEqoHGroAAAD": {
      "wins": 0,
      "losses": 0
    },
    "oPjZMw7W7E6pb0iUAAAB": {
      "wins": 0,
      "losses": 0
    },
    "iHTAtIbrgftMv7LpAAAH": {
      "wins": 1,
      "losses": 0
    },
    "Jtl2XFNEVCBoldqjAAAF": {
      "wins": 1,
      "losses": 0
    },
    "aq0eKhYnO8fW4xX9AAAL": {
      "wins": 1,
      "losses": 0
    },
    "D6MEmlmvtlxDugUEAAAP": {
      "wins": 1,
      "losses": 0
    },
    "dLu3f6uvn8LH6HxgAAAH": {
      "wins": 1,
      "losses": 0
    },
    "RMWsF04MEDynThyYAAAD": {
      "wins": 1,
      "losses": 0
    },
    "XTtk1DP5G3hzOuzVAAAF": {
      "wins": 2,
      "losses": 0
    },
    "KX2eDs1tuFb57PLRAAAH": {
      "wins": 0,
      "losses": 2
    },
    "_gDjYeZDfuQhN4hkAAAJ": {
      "wins": 0,
      "losses": 0
    },
    "X92lJso1EWybxJpOAAAL": {
      "wins": 0,
      "losses": 0
    },
    "SCnV-yhYeSf6AKJqAAAN": {
      "wins": 0,
      "losses": 1
    },
    "pFB-IaVLW1QtTplwAAAP": {
      "wins": 1,
      "losses": 0
    },
    "Lbq6u7s489aX7lngAAAR": {
      "wins": 0,
      "losses": 1
    },
    "MKnq_AqETsaKt9BZAAAT": {
      "wins": 0,
      "losses": 1
    },
    "a37L4yhXOrePv3IZAAAX": {
      "wins": 1,
      "losses": 0
    },
    "BhgxtGgrabPyYZ5bAAAV": {
      "wins": 1,
      "losses": 0
    },
    "TcHDQLMzAOsc5BmoAAAH": {
      "wins": 1,
      "losses": 0
    },
    "BYEk7yNSnDTk72VkAAAD": {
      "wins": 1,
      "losses": 0
    },
    "dBnFYm4rz6gPIeKYAAAB": {
      "wins": 0,
      "losses": 0
    },
    "4Ti4Od4rrkGe2720AAAD": {
      "wins": 0,
      "losses": 0
    },
    "Jh-yjEeftSL4IuZPAAAP": {
      "wins": 1,
      "losses": 0
    },
    "3ZCEJ2wjHilNb4UuAAAN": {
      "wins": 0,
      "losses": 1
    },
    "lCu1gAzwtKQsAFGiAAAD": {
      "wins": 0,
      "losses": 1
    },
    "yTSd7zym4O16MmKYAAAB": {
      "wins": 1,
      "losses": 0
    },
    "0fIMc-UU1fCrkgE6AAAD": {
      "wins": 1,
      "losses": 0
    },
    "duRVh-k8P6PyYdERAAAB": {
      "wins": 0,
      "losses": 1
    },
    "J3HqCcfd1Cs1NK7GAAAB": {
      "wins": 1,
      "losses": 0
    },
    "3yjVvwLQArN-F2rzAAAF": {
      "wins": 0,
      "losses": 1
    },
    "TeR25aCYkgPlB7D_AAAB": {
      "wins": 1,
      "losses": 0
    },
    "gnJS2sbWIdjD4pF3AAAD": {
      "wins": 0,
      "losses": 1
    },
    "cKFbtvY-twihV1H2AAAB": {
      "wins": 1,
      "losses": 0
    },
    "PZIFChkR5XjbC42xAAAD": {
      "wins": 0,
      "losses": 1
    },
    "DSbqn2rRyUdZktOUAAAB": {
      "wins": 1,
      "losses": 0
    }
  }
}